label,scenario,detected,files_changed,files_before_detection,time_to_detect_sec,max_probability,entropy,uniform_dist,write_burst,dir_spread,rename_burst,suspicious_rename_target,header_mismatch,files_per_sec,extension_change_ratio,entropy_mean,entropy_max,uniform_mean,files_per_sec_max,write_burst_seen,dir_spread_seen,rename_burst_seen,suspicious_rename_target_seen,extension_change_ratio_max,header_mismatch_count
0,mass_delete,0,31,0,-1,0.5058,0.742,1.4922,1,0,0,0,0,2.9,0,4.6909,6.0423,1.6977,3.1,1,0,0,0,0,0
0,bulk_append,0,23,0,-1,0.311,0.748,1.4433,1,0,0,0,0,2.2,0,4.8145,5.9842,1.683,2.3,1,0,0,0,0,0
0,temp_churn,0,48,0,-1,0.8673,0.6149,1.6108,1,0,0,0,0,4.6,0,4.7851,4.9196,1.7489,4.6,1,0,0,0,0,0
0,mass_move,1,49,33,0.479,0.9988,0.9998,0.1963,1,1,0,0,1,4.4,0,5.2113,7.9984,1.4701,4.9,1,1,0,0,0,3
0,backup_snapshot,0,41,0,-1,0.9308,0.7422,1.4922,1,1,0,0,0,4,0,4.8232,6.0428,1.6579,4.1,1,1,0,0,0,0
0,mass_extract,1,19,15,0.559,0.9556,0.9998,0.2046,1,1,0,0,1,1.5,0,5.535,7.9983,1.2196,1.9,1,1,0,0,0,2
0,mass_rename,1,57,32,0.696,0.9708,0.9998,0.1948,1,0,0,0,1,2.8,0,4.9029,7.9984,1.5545,2.9,1,0,0,0,0,3
0,mass_copy,0,26,0,-1,0.8823,0.9997,0.1851,1,0,0,0,1,1.6,0,4.7298,7.9979,1.6451,2.6,1,1,0,0,0,2
0,mass_zip,0,5,0,-1,0.0738,0.9915,0.2197,0,0,0,0,0,0.4,0,5.9285,7.9546,0.6153,0.5,0,0,0,0,0,0
0,temp_churn,0,51,0,-1,0.8936,0.6159,1.6113,1,0,0,0,0,4.8,0,4.7579,4.9275,1.7499,4.8,1,0,0,0,0,0
0,mass_extract,0,19,0,-1,0.8083,0.9998,0.2104,1,1,0,0,0,1.8,0,4.4375,7.9982,1.4328,1.9,1,1,0,0,0,0
0,mass_rename,0,57,0,-1,0.8163,0.9998,0.208,1,0,0,0,0,2.8,0,4.8456,7.9982,1.6073,2.9,1,0,0,0,0,0
0,bulk_append,0,23,0,-1,0.301,0.7446,1.4859,1,0,0,0,0,2.2,0,5.05,5.957,1.6475,2.3,1,0,0,0,0,0
0,mass_copy,0,26,0,-1,0.9403,0.9998,0.1929,1,0,0,0,1,2.2,0,4.7246,7.9984,1.6182,2.6,1,1,0,0,0,2
0,mass_delete,0,30,0,-1,0.8371,0.9998,0.188,1,0,0,0,1,1.3,0,5.01,7.9984,1.5508,3.1,1,0,0,0,0,6
0,mass_move,1,49,37,0.463,0.9787,0.9998,0.1973,1,1,0,0,0,3.7,0,5.0282,7.9982,1.5864,4.9,1,1,0,0,0,0
0,mass_zip,0,5,0,-1,0.0748,0.9959,0.2104,0,0,0,0,0,0.4,0,6.2811,7.998,0.5494,0.5,0,0,0,0,0,0
0,backup_snapshot,0,41,0,-1,0.9433,0.9998,0.2129,1,1,0,0,0,2.9,0,4.9104,7.9981,1.6086,4.1,1,1,0,0,0,0
0,mass_extract,0,19,0,-1,0.4314,0.7426,1.4922,1,1,0,0,0,1.7,0,5.0708,7.9294,1.4626,1.9,1,1,0,0,0,0
0,mass_rename,1,57,43,0.635,0.9706,0.9998,0.2012,1,0,0,0,1,2.8,0,4.9788,7.9981,1.5108,2.9,1,0,0,0,0,6
0,temp_churn,0,53,0,-1,0.8809,0.6139,1.6104,1,0,0,0,0,4.7,0,4.7784,4.9292,1.7494,4.7,1,0,0,0,0,0
0,backup_snapshot,0,41,0,-1,0.9306,0.7403,1.4922,1,1,0,0,0,4,0,4.952,7.9983,1.5856,4.1,1,1,0,0,0,0
0,bulk_append,0,23,0,-1,0.3114,0.7487,1.4419,1,0,0,0,0,2.2,0,5.0529,5.9897,1.6221,2.3,1,0,0,0,0,0
0,mass_zip,0,5,0,-1,0.0747,0.9929,0.2075,0,0,0,0,0,0.4,0,6.3826,7.9984,0.5323,0.5,0,0,0,0,0,0
0,mass_move,1,46,40,0.68,0.9696,0.6263,1.6147,1,1,0,0,0,4.9,0,4.5438,6.0383,1.7219,4.9,1,1,0,0,0,0
0,mass_copy,0,26,0,-1,0.9044,0.9998,0.2031,1,0,0,0,1,1.8,0,5.0423,7.9984,1.5175,2.6,1,1,0,0,0,4
0,mass_delete,1,31,30,0.486,0.9772,0.9997,0.1938,1,0,0,0,1,3,0,5.0779,7.9982,1.5728,3.1,1,0,0,0,0,2
0,backup_snapshot,1,41,21,0.232,0.9967,0.9998,0.1978,1,1,0,0,1,3.6,0,5.013,7.9984,1.503,4.1,1,1,0,0,0,4
0,temp_churn,0,53,0,-1,0.8932,0.6138,1.6128,1,0,0,0,0,4.8,0,4.8221,5.0112,1.7449,4.8,1,0,0,0,0,0
0,mass_rename,1,57,31,0.532,0.9708,0.9998,0.1958,1,0,0,0,1,2.8,0,4.8185,7.9982,1.6197,2.9,1,0,0,0,0,3
0,mass_extract,0,19,0,-1,0.4307,0.7401,1.4922,1,1,0,0,0,1.7,0,5.4291,7.9516,1.3696,1.9,1,1,0,0,0,0
0,mass_delete,0,31,0,-1,0.7071,0.9998,0.1934,1,0,0,0,0,2.3,0,4.7956,7.9983,1.579,3.1,1,0,0,0,0,0
0,mass_zip,0,5,0,-1,0.0757,0.995,0.1963,0,0,0,0,0,0.4,0,6.1147,7.998,0.5746,0.5,0,0,0,0,0,0
0,bulk_append,0,23,0,-1,0.3012,0.7453,1.4859,1,0,0,0,0,2.2,0,4.871,5.9625,1.6618,2.3,1,0,0,0,0,0
0,mass_copy,0,26,0,-1,0.8356,0.9997,0.1987,1,0,0,0,1,1.3,0,4.7036,7.9981,1.5949,2.6,1,1,0,0,0,2
0,mass_move,1,49,34,0.461,0.9989,0.9998,0.1924,1,1,0,0,1,4.5,0,5.1748,7.9981,1.5573,4.9,1,1,0,0,0,3
0,mass_move,1,49,46,0.628,0.9699,0.7409,1.4922,1,1,0,0,0,4.7,0,4.6485,5.9407,1.6992,4.9,1,1,0,0,0,0
0,mass_extract,0,19,0,-1,0.4306,0.7397,1.4922,1,1,0,0,0,1.7,0,5.2967,7.9373,1.4193,1.9,1,1,0,0,0,0
0,mass_zip,0,5,0,-1,0.0813,0.9771,0.2227,0,0,0,0,0,0.5,0,5.3814,7.9486,0.6573,0.5,0,0,0,0,0,0
0,temp_churn,0,53,0,-1,0.8933,0.6138,1.6113,1,0,0,0,0,4.8,0,4.8164,4.9728,1.7437,4.8,1,0,0,0,0,0
0,backup_snapshot,1,41,36,0.612,0.9967,0.9998,0.1904,1,1,0,0,1,3.6,0,4.6982,7.9983,1.6059,4.1,1,1,0,0,0,4
0,bulk_append,0,23,0,-1,0.3099,0.744,1.4434,1,0,0,0,0,2.2,0,4.7676,5.9567,1.6844,2.3,1,0,0,0,0,0
0,mass_copy,0,26,0,-1,0.7564,0.9998,0.1919,1,0,0,0,1,0.9,0,4.1818,7.9983,1.681,2.6,1,1,0,0,0,2
0,mass_rename,1,57,46,0.667,0.9707,0.9998,0.1992,1,0,0,0,1,2.8,0,4.9963,7.9984,1.5664,2.9,1,0,0,0,0,3
0,mass_delete,0,31,0,-1,0.5365,0.7404,1.4922,1,0,0,0,0,3,0,4.6067,5.9423,1.6745,3.1,1,0,0,0,0,0
0,mass_extract,0,19,0,-1,0.462,0.7416,1.4922,1,1,0,0,0,1.8,0,4.9147,7.9368,1.4571,1.9,1,1,0,0,0,0
0,bulk_append,0,23,0,-1,0.3114,0.7486,1.442,1,0,0,0,0,2.2,0,5.0857,5.9884,1.6354,2.3,1,0,0,0,0,0
0,mass_zip,0,5,0,-1,0.075,0.9947,0.2065,0,0,0,0,0,0.4,0,7.033,7.9984,0.4549,0.5,0,0,0,0,0,0
0,temp_churn,0,52,0,-1,0.867,0.6145,1.6123,1,0,0,0,0,4.6,0,4.7874,4.9251,1.7491,4.6,1,0,0,0,0,0
0,backup_snapshot,1,41,19,0.375,0.9945,0.9998,0.2075,1,1,0,0,1,3.2,0,4.7945,7.9982,1.584,4.1,1,1,0,0,0,5
0,mass_delete,0,28,0,-1,0.499,0.6177,1.6201,1,0,0,0,0,3.1,0,4.5996,7.9981,1.6887,3.1,1,0,0,0,0,0
0,mass_rename,1,57,34,0.514,0.9702,0.9998,0.2163,1,0,0,0,1,2.8,0,5.1094,7.9984,1.5284,2.9,1,0,0,0,0,4
0,mass_copy,0,26,0,-1,0.6405,0.6238,1.6211,1,1,0,0,0,2.6,0,4.9394,6.0454,1.6537,2.6,1,1,0,0,0,0
0,mass_move,1,49,44,0.567,0.9695,0.6259,1.6157,1,1,0,0,0,4.9,0,4.771,7.9982,1.63,4.9,1,1,0,0,0,0
0,mass_zip,0,5,0,-1,0.0752,0.9998,0.2085,0,0,0,0,0,0.4,0,5.8852,7.9985,0.6159,0.5,0,0,0,0,0,0
0,mass_copy,0,26,0,-1,0.9387,0.9998,0.2217,1,0,0,0,1,2.2,0,4.8399,7.9982,1.5824,2.6,1,1,0,0,0,2
0,mass_delete,0,31,0,-1,0.5144,0.7554,1.4736,1,0,0,0,0,2.9,0,4.9211,7.9982,1.6099,3.1,1,0,0,0,0,0
0,mass_extract,0,19,0,-1,0.4621,0.7418,1.4922,1,1,0,0,0,1.8,0,5.3773,7.9983,1.2964,1.9,1,1,0,0,0,0
0,temp_churn,0,52,0,-1,0.8933,0.6136,1.6118,1,0,0,0,0,4.8,0,4.7329,4.9086,1.7513,4.8,1,0,0,0,0,0
0,mass_rename,0,57,0,-1,0.4825,0.7373,1.4549,1,0,0,0,0,2.8,0,4.7608,5.9435,1.6645,2.9,1,0,0,0,0,0
0,bulk_append,0,23,0,-1,0.3087,0.7381,1.442,1,0,0,0,0,2.2,0,4.9688,5.9471,1.6655,2.3,1,0,0,0,0,0
0,mass_move,1,49,44,0.608,0.9698,0.6285,1.6099,1,1,0,0,0,4.9,0,4.5375,5.9375,1.6884,4.9,1,1,0,0,0,0
0,backup_snapshot,1,41,20,0.305,0.9957,0.9997,0.2007,1,1,0,0,1,3.4,0,5.0733,7.9984,1.458,4.1,1,1,0,0,0,6
0,bulk_append,0,23,0,-1,0.3081,0.7399,1.4467,1,0,0,0,0,2.2,0,5.239,5.9473,1.5988,2.3,1,0,0,0,0,0
0,mass_move,1,48,47,0.636,0.9732,0.7367,1.4922,1,1,0,0,0,4.8,0,4.621,5.9364,1.6872,4.9,1,1,0,0,0,0
0,mass_delete,0,28,0,-1,0.4995,0.6194,1.6201,1,0,0,0,0,3.1,0,4.9401,7.9982,1.6124,3.1,1,0,0,0,0,0
0,temp_churn,0,53,0,-1,0.8671,0.6133,1.6104,1,0,0,0,0,4.6,0,4.7584,4.953,1.7484,4.6,1,0,0,0,0,0
0,mass_extract,0,19,0,-1,0.502,0.9998,0.1919,0,0,0,0,1,0.8,0,4.4686,7.9983,1.4692,1.9,1,1,0,0,0,2
0,backup_snapshot,1,41,30,0.597,0.9929,0.9998,0.2041,1,1,0,0,1,3,0,4.8727,7.9984,1.6109,4.1,1,1,0,0,0,4
0,mass_rename,0,57,0,-1,0.482,0.7373,1.4568,1,0,0,0,0,2.8,0,5.1517,5.939,1.5933,2.9,1,0,0,0,0,0
0,mass_copy,0,26,0,-1,0.6402,0.6248,1.6235,1,1,0,0,0,2.6,0,4.7145,6.0428,1.6688,2.6,1,1,0,0,0,0
0,mass_zip,0,5,0,-1,0.0754,0.9946,0.2002,0,0,0,0,0,0.4,0,5.7777,7.998,0.5884,0.5,0,0,0,0,0,0
0,mass_copy,0,26,0,-1,0.6427,0.6258,1.6138,1,1,0,0,0,2.6,0,4.434,7.9981,1.668,2.6,1,1,0,0,0,0
0,temp_churn,0,50,0,-1,0.8665,0.6133,1.6152,1,0,0,0,0,4.6,0,4.7483,4.9174,1.7516,4.6,1,0,0,0,0,0
0,backup_snapshot,1,41,31,0.754,0.9938,0.9998,0.2007,1,1,0,0,1,3.1,0,4.9786,7.9981,1.628,4.1,1,1,0,0,0,2
0,mass_zip,0,5,0,-1,0.0749,0.9958,0.208,0,0,0,0,0,0.4,0,6.7492,7.9665,0.5214,0.5,0,0,0,0,0,0
0,mass_extract,0,19,0,-1,0.4303,0.6219,1.6021,1,1,0,0,0,1.9,0,4.7362,7.9338,1.4712,1.9,1,1,0,0,0,0
0,mass_rename,0,57,0,-1,0.4831,0.7543,1.4727,1,0,0,0,0,2.8,0,4.6595,6.0341,1.6947,2.9,1,0,0,0,0,0
0,mass_delete,0,31,0,-1,0.8529,0.9998,0.1919,1,0,0,0,1,1.4,0,4.7792,7.9983,1.5487,3.1,1,0,0,0,0,5
0,mass_move,1,48,45,0.582,0.9991,0.9998,0.2163,1,1,0,0,1,4.7,0,4.8065,7.9981,1.5631,4.9,1,1,0,0,0,3
0,bulk_append,0,23,0,-1,0.3093,0.7407,1.4421,1,0,0,0,0,2.2,0,5.0409,5.9576,1.6476,2.3,1,0,0,0,0,0
0,backup_snapshot,0,41,0,-1,0.9309,0.7438,1.4922,1,1,0,0,0,4,0,4.7361,7.9983,1.6215,4.1,1,1,0,0,0,2
0,temp_churn,0,53,0,-1,0.8931,0.6141,1.6138,1,0,0,0,0,4.8,0,4.7813,4.9681,1.7489,4.8,1,0,0,0,0,0
0,mass_extract,0,19,0,-1,0.4622,0.7423,1.4922,1,1,0,0,0,1.8,0,4.8113,7.9288,1.471,1.9,1,1,0,0,0,0
0,mass_zip,0,5,0,-1,0.0745,0.9942,0.2129,0,0,0,0,0,0.4,0,5.7488,7.9981,0.6479,0.5,0,0,0,0,0,0
0,mass_copy,0,26,0,-1,0.6434,0.6266,1.6118,1,1,0,0,0,2.6,0,4.9978,6.0429,1.61,2.6,1,1,0,0,0,0
0,bulk_append,0,23,0,-1,0.3101,0.745,1.4437,1,0,0,0,0,2.2,0,5.1034,5.9603,1.6309,2.3,1,0,0,0,0,0
0,mass_rename,1,57,25,0.667,0.9708,0.9998,0.1943,1,0,0,0,1,2.8,0,4.9456,7.9981,1.6108,2.9,1,0,0,0,0,3
0,mass_move,1,49,30,0.39,0.9989,0.9998,0.2075,1,1,0,0,1,4.5,0,4.9042,7.9983,1.5836,4.9,1,1,0,0,0,6
0,mass_delete,1,31,29,0.441,0.9738,0.9998,0.21,1,0,0,0,1,2.9,0,4.9929,7.9983,1.5738,3.1,1,0,0,0,0,4
0,mass_copy,0,26,0,-1,0.6406,0.6235,1.6201,1,1,0,0,0,2.6,0,4.8114,5.9378,1.6646,2.6,1,1,0,0,0,0
0,bulk_append,0,23,0,-1,0.3113,0.7482,1.4419,1,0,0,0,0,2.2,0,5.3221,5.9854,1.5973,2.3,1,0,0,0,0,0
0,mass_rename,0,57,0,-1,0.8179,0.9998,0.1978,1,0,0,0,0,2.8,0,4.9988,7.9982,1.5563,2.9,1,0,0,0,0,0
0,mass_zip,0,5,0,-1,0.0745,0.9998,0.2197,0,0,0,0,0,0.4,0,5.647,7.9982,0.6105,0.5,0,0,0,0,0,0
0,mass_move,1,49,31,0.419,0.998,0.9998,0.1943,1,1,0,0,1,4,0,4.8803,7.9982,1.5495,4.9,1,1,0,0,0,6
0,backup_snapshot,1,41,15,0.219,0.9554,0.9997,0.21,1,1,0,0,1,1.5,0,5.1285,7.9984,1.5037,4.1,1,1,0,0,0,4
0,mass_delete,0,29,0,-1,0.5439,0.7382,1.4599,1,0,0,0,0,3,0,4.8854,7.998,1.6392,3.1,1,0,0,0,0,2
0,temp_churn,0,50,0,-1,0.9044,0.6145,1.6152,1,0,0,0,0,4.9,0,4.7641,4.9163,1.7522,4.9,1,0,0,0,0,0
0,mass_extract,0,19,0,-1,0.7779,0.9998,0.1963,1,0,0,0,1,1,0,5.4676,7.9981,1.3192,1.9,1,1,0,0,0,2
0,mass_move,1,49,28,0.356,0.9911,0.9998,0.187,1,1,0,0,1,2.8,0,5.0496,7.9984,1.5378,4.9,1,1,0,0,0,3
0,mass_rename,1,57,31,0.45,0.9704,0.9998,0.2095,1,0,0,0,1,2.8,0,4.8056,7.9981,1.6339,2.9,1,0,0,0,0,3
0,mass_zip,0,5,0,-1,0.0826,0.9891,0.2197,0,0,0,0,0,0.5,0,5.9213,7.9986,0.6164,0.5,0,0,0,0,0,0
0,temp_churn,0,53,0,-1,0.8807,0.614,1.6128,1,0,0,0,0,4.7,0,4.7855,4.912,1.7488,4.7,1,0,0,0,0,0
0,mass_extract,0,19,0,-1,0.4703,0.7543,1.4741,1,1,0,0,0,1.8,0,4.9839,7.9783,1.3984,1.9,1,1,0,0,0,0
0,backup_snapshot,0,41,0,-1,0.9218,0.7374,1.4922,1,1,0,0,0,3.9,0,4.6264,7.9979,1.6539,4.1,1,1,0,0,0,0
0,bulk_append,0,23,0,-1,0.3014,0.7461,1.4859,1,0,0,0,0,2.2,0,4.9825,5.9684,1.6629,2.3,1,0,0,0,0,0
0,mass_delete,1,30,25,0.41,0.9572,0.9997,0.2163,1,0,0,0,1,2.5,0,5.181,7.9982,1.4591,3.1,1,0,0,0,0,2
0,mass_copy,0,26,0,-1,0.7062,0.9998,0.1978,1,0,0,0,0,2.3,0,5.2054,7.9982,1.5627,2.6,1,1,0,0,0,0
0,mass_copy,0,26,0,-1,0.7319,0.9998,0.1953,1,0,0,0,0,2.4,0,4.7399,7.9982,1.6517,2.6,1,1,0,0,0,0
0,bulk_append,0,23,0,-1,0.3106,0.7469,1.4434,1,0,0,0,0,2.2,0,5.4063,5.9751,1.5867,2.3,1,0,0,0,0,0
0,mass_extract,0,19,0,-1,0.431,0.7411,1.4922,1,1,0,0,0,1.7,0,4.6444,7.9983,1.339,1.9,1,1,0,0,0,0
0,mass_move,1,49,46,0.625,0.9931,0.9998,0.1836,1,1,0,0,0,4.6,0,4.5541,7.9982,1.6689,4.9,1,1,0,0,0,0
0,backup_snapshot,0,41,0,-1,0.9372,0.9998,0.1973,1,1,0,0,0,2.8,0,4.7066,7.9982,1.6283,4.1,1,1,0,0,0,0
0,temp_churn,0,53,0,-1,0.8934,0.6152,1.6128,1,0,0,0,0,4.8,0,4.7705,4.9292,1.7512,4.8,1,0,0,0,0,0
0,mass_zip,0,5,0,-1,0.0747,0.9938,0.2085,0,0,0,0,0,0.4,0,6.6533,7.9984,0.5453,0.5,0,0,0,0,0,0
0,mass_rename,0,57,0,-1,0.484,0.742,1.4544,1,0,0,0,0,2.8,0,4.7181,5.9377,1.6629,2.9,1,0,0,0,0,0
0,mass_delete,0,31,0,-1,0.4988,0.6198,1.6235,1,0,0,0,0,3.1,0,4.539,6.0386,1.6789,3.1,1,0,0,0,0,0
0,mass_copy,0,26,0,-1,0.6421,0.6251,1.6157,1,1,0,0,0,2.6,0,4.8972,7.9984,1.6174,2.6,1,1,0,0,0,0
0,mass_rename,1,57,27,0.446,0.971,0.9998,0.1875,1,0,0,0,1,2.8,0,4.5568,7.9984,1.6281,2.9,1,0,0,0,0,6
0,mass_delete,0,31,0,-1,0.8142,0.9998,0.2222,1,0,0,0,1,1.2,0,5.0715,7.9986,1.565,3.1,1,0,0,0,0,3
0,backup_snapshot,0,41,0,-1,0.921,0.6259,1.6201,1,1,0,0,0,4.1,0,4.496,6.0454,1.7212,4.1,1,1,0,0,0,0
0,temp_churn,0,50,0,-1,0.8812,0.6141,1.6079,1,0,0,0,0,4.7,0,4.7806,4.9296,1.7487,4.7,1,0,0,0,0,0
0,bulk_append,0,23,0,-1,0.3105,0.7452,1.4419,1,0,0,0,0,2.2,0,5.1652,5.9716,1.6062,2.3,1,0,0,0,0,0
0,mass_zip,0,5,0,-1,0.0649,0.9924,0.2334,0,0,0,0,0,0.3,0,5.1802,7.9773,0.7241,0.5,0,0,0,0,0,0
0,mass_move,1,46,30,0.583,0.9974,0.9998,0.1841,1,1,0,0,1,3.8,0,4.926,7.9982,1.5163,4.9,1,1,0,0,0,6
0,mass_extract,1,19,17,0.629,0.9649,0.9998,0.21,1,1,0,0,1,1.7,0,5.056,7.9984,1.3915,1.9,1,1,0,0,0,2
0,temp_churn,0,53,0,-1,0.8935,0.6154,1.6113,1,0,0,0,0,4.8,0,4.7385,4.923,1.7533,4.8,1,0,0,0,0,0
0,mass_extract,0,19,0,-1,0.7908,0.9998,0.1948,1,1,0,0,0,1.7,0,5.1045,7.9981,1.3178,1.9,1,1,0,0,0,0
0,mass_copy,0,26,0,-1,0.816,0.9998,0.21,1,0,0,0,1,1.2,0,5.0148,7.9981,1.5624,2.6,1,1,0,0,0,3
0,mass_delete,0,31,0,-1,0.9254,0.9998,0.1821,1,0,0,0,1,2,0,4.8162,7.9981,1.5955,3.1,1,0,0,0,0,5
0,mass_move,1,49,44,0.593,0.9733,0.7417,1.4922,1,1,0,0,0,4.8,0,4.8025,6.0463,1.6735,4.9,1,1,0,0,0,0
0,backup_snapshot,1,41,40,0.592,0.998,0.9998,0.2031,1,1,0,0,1,4,0,5.0368,7.9982,1.583,4.1,1,1,0,0,0,4
0,mass_zip,0,5,0,-1,0.0737,0.9949,0.2246,0,0,0,0,0,0.4,0,6.249,7.9981,0.5552,0.5,0,0,0,0,0,0
0,mass_rename,1,57,46,0.6,0.9707,0.9998,0.2007,1,0,0,0,1,2.8,0,5.0369,7.998,1.5515,2.9,1,0,0,0,0,3
0,bulk_append,0,23,0,-1,0.3107,0.7458,1.442,1,0,0,0,0,2.2,0,5.1524,5.9666,1.6311,2.3,1,0,0,0,0,0
0,mass_move,1,49,36,0.503,0.9757,0.9998,0.2065,1,1,0,0,0,3.6,0,4.8911,7.9981,1.5737,4.9,1,1,0,0,0,0
0,temp_churn,0,53,0,-1,0.8937,0.6161,1.6104,1,0,0,0,0,4.8,0,4.7759,4.9287,1.7505,4.8,1,0,0,0,0,0
0,bulk_append,0,23,0,-1,0.3104,0.745,1.442,1,0,0,0,0,2.2,0,5.075,5.9597,1.6358,2.3,1,0,0,0,0,0
0,mass_copy,0,26,0,-1,0.6419,0.6252,1.6167,1,1,0,0,0,2.6,0,5.0457,7.9984,1.5491,2.6,1,1,0,0,0,4
0,mass_delete,0,28,0,-1,0.8924,0.9998,0.2095,1,0,0,0,1,1.7,0,5.3418,7.9985,1.4435,3.1,1,0,0,0,0,10
0,backup_snapshot,1,41,26,0.562,0.9884,0.9998,0.2065,1,1,0,0,1,2.6,0,4.8345,7.9984,1.6317,4.1,1,1,0,0,0,2
0,mass_rename,1,57,45,0.885,0.9707,0.9998,0.1978,1,0,0,0,1,2.8,0,5.0934,7.9983,1.4966,2.9,1,0,0,0,0,4
0,mass_extract,0,19,0,-1,0.7752,0.9998,0.2119,1,0,0,0,1,1,0,5.0587,7.9986,1.3975,1.9,1,1,0,0,0,2
0,mass_zip,0,5,0,-1,0.0742,0.9969,0.2202,0,0,0,0,0,0.4,0,5.786,7.9748,0.5462,0.5,0,0,0,0,0,0
0,bulk_append,0,23,0,-1,0.3091,0.7398,1.442,1,0,0,0,0,2.2,0,5.2851,5.9439,1.5901,2.3,1,0,0,0,0,0
0,mass_zip,0,5,0,-1,0.0743,0.9945,0.2158,0,0,0,0,0,0.4,0,4.1393,7.9985,0.8158,0.5,0,0,0,0,0,0
0,mass_delete,1,31,25,0.48,0.957,0.9998,0.2227,1,0,0,0,1,2.5,0,4.6394,7.998,1.6494,3.1,1,0,0,0,0,2
0,mass_extract,0,19,0,-1,0.776,0.9997,0.207,1,0,0,0,1,1,0,5.1199,7.9979,1.3463,1.9,1,1,0,0,0,2
0,mass_rename,1,57,26,0.628,0.971,0.9998,0.1895,1,0,0,0,1,2.8,0,5.2314,7.9984,1.3772,2.9,1,0,0,0,0,6
0,mass_copy,0,26,0,-1,0.6415,0.6245,1.6177,1,1,0,0,0,2.6,0,4.9057,7.9983,1.5757,2.6,1,1,0,0,0,0
0,backup_snapshot,1,41,21,0.462,0.9957,0.9998,0.2139,1,1,0,0,1,3.4,0,4.8258,7.9984,1.5965,4.1,1,1,0,0,0,4
0,mass_move,1,49,44,0.555,0.9734,0.7425,1.4922,1,1,0,0,0,4.8,0,4.6429,5.9528,1.6935,4.9,1,1,0,0,0,0
0,temp_churn,0,52,0,-1,0.8518,0.615,1.6143,1,0,0,0,0,4.5,0,4.7796,4.9197,1.7498,4.5,1,0,0,0,0,0
0,temp_churn,0,53,0,-1,0.8671,0.6139,1.6108,1,0,0,0,0,4.6,0,4.7625,4.9605,1.7504,4.6,1,0,0,0,0,0
0,mass_rename,1,57,35,0.602,0.9709,0.9998,0.1938,1,0,0,0,1,2.8,0,5.0176,7.9983,1.5873,2.9,1,0,0,0,0,3
0,mass_extract,0,19,0,-1,0.4312,0.7419,1.4922,1,1,0,0,0,1.7,0,4.6618,7.9474,1.536,1.9,1,1,0,0,0,0
0,mass_copy,0,26,0,-1,0.9036,0.9998,0.2114,1,0,0,0,1,1.8,0,4.7405,7.9984,1.6703,2.6,1,1,0,0,0,2
0,bulk_append,0,23,0,-1,0.3114,0.7486,1.4419,1,0,0,0,0,2.2,0,5.0239,5.9891,1.642,2.3,1,0,0,0,0,0
0,backup_snapshot,1,41,24,0.363,0.9977,0.9998,0.2114,1,1,0,0,1,3.9,0,4.9665,7.9984,1.5238,4.1,1,1,0,0,0,6
0,mass_delete,1,31,30,0.443,0.977,0.9998,0.2026,1,0,0,0,1,3,0,5.0217,7.9982,1.5791,3.1,1,0,0,0,0,2
0,mass_move,1,49,33,0.456,0.9951,0.9998,0.2207,1,1,0,0,1,3.3,0,4.8885,7.9984,1.5723,4.9,1,1,0,0,0,3
0,mass_zip,0,5,0,-1,0.0741,0.9979,0.2231,0,0,0,0,0,0.4,0,6.8875,7.9978,0.5,0.5,0,0,0,0,0,0
0,bulk_append,0,23,0,-1,0.3001,0.7409,1.4859,1,0,0,0,0,2.2,0,4.7345,5.9502,1.698,2.3,1,0,0,0,0,0
0,mass_delete,0,29,0,-1,0.8801,0.9998,0.2065,1,0,0,0,1,1.6,0,4.9849,7.9984,1.5079,3.1,1,0,0,0,0,5
0,mass_rename,1,57,24,0.482,0.9707,0.9997,0.2002,1,0,0,0,1,2.8,0,4.8214,7.9979,1.5982,2.9,1,0,0,0,0,3
0,mass_zip,0,5,0,-1,0.0747,0.9932,0.208,0,0,0,0,0,0.4,0,7.2629,7.998,0.4261,0.5,0,0,0,0,0,0
0,temp_churn,0,53,0,-1,0.9147,0.6141,1.6147,1,0,0,0,0,5,0,4.8004,4.9174,1.7469,5,1,0,0,0,0,0
0,mass_copy,0,26,0,-1,0.6446,0.6271,1.6069,1,1,0,0,0,2.6,0,5.0842,7.9981,1.5165,2.6,1,1,0,0,0,2
0,mass_move,1,49,43,0.621,0.9733,0.7394,1.4922,1,1,0,0,0,4.8,0,4.887,7.9982,1.6324,4.9,1,1,0,0,0,0
0,mass_extract,0,19,0,-1,0.4273,0.6184,1.61,1,1,0,0,0,1.9,0,4.3151,7.8313,1.5262,1.9,1,1,0,0,0,0
0,backup_snapshot,1,41,21,0.297,0.9789,0.9998,0.1875,1,1,0,0,1,2.1,0,4.6196,7.9984,1.647,4.1,1,1,0,0,0,3
0,mass_rename,1,57,31,0.432,0.9712,0.9998,0.1802,1,0,0,0,1,2.8,0,4.9314,7.9983,1.5625,2.9,1,0,0,0,0,3
0,mass_zip,0,5,0,-1,0.0743,0.992,0.2124,0,0,0,0,0,0.4,0,5.9294,7.9748,0.6179,0.5,0,0,0,0,0,0
0,bulk_append,0,23,0,-1,0.3009,0.744,1.4859,1,0,0,0,0,2.2,0,5.575,5.9522,1.55,2.3,1,0,0,0,0,0
0,temp_churn,0,53,0,-1,0.8521,0.6152,1.6118,1,0,0,0,0,4.5,0,4.7913,4.9219,1.7483,4.5,1,0,0,0,0,0
0,mass_delete,1,30,24,0.362,0.9521,0.9997,0.21,1,0,0,0,1,2.4,0,4.7653,7.9977,1.6293,3.1,1,0,0,0,0,2
0,backup_snapshot,1,41,38,0.532,0.9977,0.9998,0.1816,1,1,0,0,1,3.9,0,4.7781,7.9983,1.6314,4.1,1,1,0,0,0,2
0,mass_move,1,49,46,0.545,0.9695,0.6268,1.6177,1,1,0,0,0,4.9,0,4.9529,7.9981,1.598,4.9,1,1,0,0,0,0
0,mass_copy,0,26,0,-1,0.9163,0.9998,0.1821,1,0,0,0,1,1.9,0,4.8785,7.9981,1.5559,2.6,1,1,0,0,0,2
0,mass_extract,0,19,0,-1,0.4615,0.7398,1.4922,1,1,0,0,0,1.8,0,4.9896,7.9984,1.3979,1.9,1,1,0,0,0,0
1,baseline,1,6,5,0.098,0.9999,0.9977,0.2012,0,0,1,1,1,0.6,1,7.9818,7.9825,0.2009,0.6,0,0,1,1,1,6
1,no_extension,1,25,24,0.649,0.9579,0.9978,0.1987,1,0,0,0,1,2.5,0,7.9828,7.9854,0.1976,2.5,1,0,0,0,0,48
1,benign_extension_bak,1,25,24,0.438,0.9579,0.9978,0.1987,1,0,0,0,1,2.5,0,7.9828,7.9854,0.1978,2.5,1,0,0,0,0,25
1,benign_extension_tmp,1,25,24,0.88,0.9579,0.9978,0.1987,1,0,0,0,1,2.5,0,7.9827,7.9854,0.1976,2.5,1,0,0,0,0,25
1,inplace_overwrite,1,25,24,0.744,0.9579,0.9978,0.1987,1,0,0,0,1,2.5,0,7.9828,7.9854,0.198,2.5,1,0,0,0,0,46
1,reduced_speed,1,4,4,0.584,0.9999,0.9976,0.2051,0,0,1,1,1,0.4,1,7.982,7.9825,0.2039,0.4,0,0,1,1,1,5
1,partial_10pct,1,6,5,0.068,1,0.9833,0.3408,0,1,1,1,1,0.4,1,7.474,7.9832,0.4977,0.6,0,1,1,1,1,3
1,partial_25pct,1,6,5,0.104,0.9999,0.9976,0.2026,0,0,1,1,1,0.5,1,7.9473,7.9809,0.2202,0.6,0,0,1,1,1,3
1,targeted_filetypes,0,0,0,-1,0,0,0,0,0,0,0,0,0,0,0,0,0,0,0,0,0,0,0,0
1,random_bytes,1,5,4,0.106,0.9999,0.9973,0.2114,0,0,1,1,1,0.5,1,7.9822,7.9849,0.1948,0.5,0,0,1,1,1,6
1,baseline,1,6,5,0.167,0.9999,0.9977,0.2012,0,0,1,1,1,0.6,1,7.9818,7.9825,0.2009,0.6,0,0,1,1,1,6
1,no_extension,1,25,24,0.851,0.9579,0.9978,0.1987,1,0,0,0,1,2.5,0,7.9828,7.9854,0.1976,2.5,1,0,0,0,0,49
1,benign_extension_bak,1,25,24,0.42,0.9579,0.9978,0.1987,1,0,0,0,1,2.5,0,7.9827,7.9854,0.1973,2.5,1,0,0,0,0,25
1,benign_extension_tmp,1,25,24,0.424,0.9579,0.9978,0.1987,1,0,0,0,1,2.5,0,7.9828,7.9854,0.1978,2.5,1,0,0,0,0,26
1,inplace_overwrite,1,25,24,0.383,0.9579,0.9978,0.1987,1,0,0,0,1,2.5,0,7.9826,7.9854,0.1974,2.5,1,0,0,0,0,32
1,reduced_speed,1,5,5,0.762,0.9999,0.9977,0.1914,0,0,1,1,1,0.5,1,7.9819,7.9825,0.2009,0.5,0,0,1,1,1,5
1,partial_10pct,1,19,5,0.236,1,0.9979,0.2075,0,1,1,1,1,0.7,1,7.1506,7.9982,0.6685,1.9,1,1,1,1,1,6
1,partial_25pct,1,6,5,0.093,1,0.9977,0.2041,0,1,1,1,1,0.4,1,7.4591,7.9984,0.5317,0.6,0,1,1,1,1,2
1,targeted_filetypes,0,0,0,-1,0,0,0,0,0,0,0,0,0,0,0,0,0,0,0,0,0,0,0,0
1,random_bytes,1,6,5,0.072,0.9999,0.998,0.1812,0,0,1,1,1,0.6,1,7.9825,7.9855,0.1864,0.6,0,0,1,1,1,6
